Date,Depth,Observations,Simulations,Datetime
20200811, 1.0,8.14593023255814,0.7154139643716444,08/11/2020
20200811, 6.0,1.274568181818182,2.2327048387532096,08/11/2020
20200812, 1.0,8.1211875,0.7048334524816565,08/12/2020
20200812, 6.0,0.09176041666666666,2.230905229528811,08/12/2020
20200813, 1.0,8.206583333333333,0.7066768206712849,08/13/2020
20200813, 6.0,0.055260416666666666,2.229434218356852,08/13/2020
20200814, 1.0,8.228947916666668,0.7465366947846965,08/14/2020
20200814, 6.0,0.11109374999999999,2.2303371167930095,08/14/2020
20200815, 1.0,8.230875,0.7928815698040375,08/15/2020
20200815, 6.0,0.236625,2.231496640371555,08/15/2020
20200816, 1.0,8.112343749999999,0.7603421013140322,08/16/2020
20200816, 6.0,0.05713541666666667,2.2318794738506713,08/16/2020
20200817, 1.0,8.053958333333334,0.7543501608714508,08/17/2020
20200817, 6.0,0.054239583333333334,2.2315618140687934,08/17/2020
20200818, 1.0,7.813958333333333,0.7792735156445459,08/18/2020
20200818, 6.0,0.05427083333333333,2.231574736158142,08/18/2020
20200819, 1.0,7.682229166666667,0.7877748225167741,08/19/2020
20200819, 6.0,0.05419791666666667,2.235091546608374,08/19/2020
20200820, 1.0,7.439489583333334,0.8196325492169886,08/20/2020
20200820, 6.0,0.05420833333333333,2.2313083618863105,08/20/2020
20200821, 1.0,7.2757499999999995,0.8375672018454529,08/21/2020
20200821, 6.0,0.054385416666666665,2.225289166613123,08/21/2020
20200822, 1.0,7.034,0.8953453521712746,08/22/2020
20200822, 6.0,0.05441666666666667,2.132722259002242,08/22/2020
20200823, 1.0,7.237020833333333,0.8828477211117057,08/23/2020
20200823, 6.0,0.054364583333333334,2.110489728723583,08/23/2020
20200824, 1.0,7.155072916666668,0.8665343305980155,08/24/2020
20200824, 6.0,0.05444791666666667,2.1302477734614245,08/24/2020
20200825, 1.0,7.536010416666667,0.8680663328352278,08/25/2020
20200825, 6.0,0.05453125,2.157669690300558,08/25/2020
20200826, 1.0,7.06525,0.9340867459794652,08/26/2020
20200826, 6.0,0.05452083333333333,1.6590016606074942,08/26/2020
20200827, 1.0,6.670979166666666,0.9419495775025797,08/27/2020
20200827, 6.0,0.054572916666666665,1.6673995764498302,08/27/2020
20200828, 1.0,6.7982499999999995,0.9483431190963639,08/28/2020
20200828, 6.0,0.054760416666666666,1.675954122777992,08/28/2020
20200829, 1.0,6.660458333333334,0.9544675579722847,08/29/2020
20200829, 6.0,0.07023958333333334,1.6826965914866228,08/29/2020
20200830, 1.0,6.6713125,0.9618100347531204,08/30/2020
20200830, 6.0,0.05472916666666666,1.6912641107834492,08/30/2020
20200831, 1.0,6.585375,0.9711303629206256,08/31/2020
20200831, 6.0,0.054864583333333335,1.69975789717585,08/31/2020
20200901, 1.0,6.7963958333333325,1.0004148229599699,09/01/2020
20200901, 6.0,0.054968750000000004,1.0870825293865662,09/01/2020
20200902, 1.0,7.074729166666667,0.9750155017408787,09/02/2020
20200902, 6.0,0.05491666666666667,1.6932779544324197,09/02/2020
20200903, 1.0,7.168208333333333,0.9487617717184944,09/03/2020
20200903, 6.0,0.05490625,1.951328325053204,09/03/2020
20200904, 1.0,7.671458333333334,0.9817704459349673,09/04/2020
20200904, 6.0,0.055,1.407075193731748,09/04/2020
20200905, 1.0,7.321677083333333,0.984120872958965,09/05/2020
20200905, 6.0,0.05495833333333333,1.7151623533209133,09/05/2020
20200906, 1.0,7.184177083333334,0.9879966511013198,09/06/2020
20200906, 6.0,0.05494791666666667,1.8051189641492777,09/06/2020
20200907, 1.0,6.7130624999999995,0.9598453561496328,09/07/2020
20200907, 6.0,0.05497916666666667,2.034338402807938,09/07/2020
20200908, 1.0,6.5436145833333335,0.9374082017175646,09/08/2020
20200908, 6.0,0.05494791666666667,2.1373913046440842,09/08/2020
20200909, 1.0,7.249927083333334,0.9227529905553845,09/09/2020
20200909, 6.0,0.05508333333333334,2.2056621661949136,09/09/2020
20200910, 1.0,7.252937500000001,1.0028285286014662,09/10/2020
20200910, 6.0,0.05533333333333334,1.471437009271373,09/10/2020
20200911, 1.0,6.984010416666667,1.0066009305277421,09/11/2020
20200911, 6.0,0.055385416666666666,1.7412546462634717,09/11/2020
20200912, 1.0,7.451864583333333,1.0135405286926267,09/12/2020
20200912, 6.0,0.05544791666666667,1.7487255796683634,09/12/2020
20200913, 1.0,7.5376875000000005,1.0208614554975917,09/13/2020
20200913, 6.0,0.05531250000000001,1.7554706181131903,09/13/2020
20200914, 1.0,7.493447916666667,1.0274090100012054,09/14/2020
20200914, 6.0,0.055364583333333335,1.7635473208775774,09/14/2020
20200915, 1.0,6.924833333333333,1.0355141256867142,09/15/2020
20200915, 6.0,0.05544791666666667,1.7720197521413288,09/15/2020
20200916, 1.0,6.734385416666666,1.0429937915596912,09/16/2020
20200916, 6.0,0.05659375,1.7797472402444108,09/16/2020
20200917, 1.0,6.86865625,1.05000403168917,09/17/2020
20200917, 6.0,0.05863541666666667,1.7875594520551799,09/17/2020
20200918, 1.0,6.749125,1.0575882841080304,09/18/2020
20200918, 6.0,0.41130208333333335,1.7947278055727498,09/18/2020
20200919, 1.0,6.05390625,1.06597217889503,09/19/2020
20200919, 6.0,2.2544166666666667,1.8033565482765965,09/19/2020
20200920, 1.0,6.428364583333334,1.0735239672384869,09/20/2020
20200920, 6.0,2.298697916666667,1.8122463690739337,09/20/2020
20200921, 1.0,6.206822916666667,1.079413232713339,09/21/2020
20200921, 6.0,5.26775,1.080619360452605,09/21/2020
20200922, 1.0,5.930947916666667,1.0870055130420155,09/22/2020
20200922, 6.0,3.98496875,1.088482802109245,09/22/2020
20200923, 1.0,5.863677083333333,1.0916889718635705,09/23/2020
20200923, 6.0,4.890645833333333,1.0960854902334258,09/23/2020
20200924, 1.0,6.211791666666667,1.136513494313279,09/24/2020
20200924, 6.0,3.8083125,1.0619015022104876,09/24/2020
20200925, 1.0,5.69834375,1.1716981235508865,09/25/2020
20200925, 6.0,2.27296875,1.0337809013258443,09/25/2020
20200926, 1.0,5.7725937499999995,1.1190710951813596,09/26/2020
20200926, 6.0,1.0586770833333332,1.0163990250050452,09/26/2020
20200927, 1.0,6.47853125,1.092592055585502,09/27/2020
20200927, 6.0,0.89034375,0.9944542276374184,09/27/2020
20200928, 1.0,6.306958333333333,1.1065966866653307,09/28/2020
20200928, 6.0,0.23817708333333332,0.9729888131143409,09/28/2020
20200929, 1.0,6.69065625,1.080981967314829,09/29/2020
20200929, 6.0,0.08571875,0.9588540760675189,09/29/2020
20200930, 1.0,6.4109791666666665,1.0682616236289304,09/30/2020
20200930, 6.0,0.15517708333333333,0.956001141897369,09/30/2020
20201001, 1.0,6.247041666666667,1.0595706776695812,10/01/2020
20201001, 6.0,0.15641666666666668,0.9688862415096274,10/01/2020
20201002, 1.0,5.462791666666667,1.12850823052601,10/02/2020
20201002, 6.0,0.055572916666666666,0.9873299613028648,10/02/2020
20201003, 1.0,4.7121875,1.0793425114048214,10/03/2020
20201003, 6.0,0.38648958333333333,1.0816137448294108,10/03/2020
20201004, 1.0,3.7773020833333333,1.0870586209234465,10/04/2020
20201004, 6.0,0.614625,1.0897532345210836,10/04/2020
20201005, 1.0,2.9992083333333333,1.0956181829262135,10/05/2020
20201005, 6.0,1.7124479166666668,1.0975897718817078,10/05/2020
20201006, 1.0,2.643145833333333,1.1017113647262795,10/06/2020
20201006, 6.0,2.5301145833333334,1.10608128274099,10/06/2020
20201007, 1.0,1.8535312499999999,1.1081991803695657,10/07/2020
20201007, 6.0,5.5824375,1.1131887175941784,10/07/2020
20201008, 1.0,1.9949895833333333,1.1171554023348134,10/08/2020
20201008, 6.0,7.63346875,1.1205602967129713,10/08/2020
20201009, 1.0,3.1289166666666666,1.12661775611092,10/09/2020
20201009, 6.0,7.757729166666667,1.1298571355089495,10/09/2020
20201010, 1.0,3.3394791666666666,1.2184607720581886,10/10/2020
20201010, 6.0,7.591281250000001,1.1028497430207247,10/10/2020
20201011, 1.0,3.279822916666667,1.1220803247584104,10/11/2020
20201011, 6.0,7.82696875,1.1231058070114621,10/11/2020
20201012, 1.0,3.2261562500000003,1.132796956454338,10/12/2020
20201012, 6.0,8.122260416666666,1.135154949072161,10/12/2020
20201013, 1.0,1.8307395833333333,1.1446215041857277,10/13/2020
20201013, 6.0,8.265333333333333,1.1469202143908679,10/13/2020
20201014, 1.0,1.6605104166666667,1.1554054785156243,10/14/2020
20201014, 6.0,8.134427083333334,1.1590797675575468,10/14/2020
20201015, 1.0,2.8029166666666665,1.1682060929373796,10/15/2020
20201015, 6.0,7.9799895833333325,1.1707328546041798,10/15/2020
20201016, 1.0,2.5866354166666667,1.180160139954037,10/16/2020
20201016, 6.0,7.689114583333333,1.1838406871485057,10/16/2020
20201017, 1.0,2.3230520833333332,1.1880713329364523,10/17/2020
20201017, 6.0,8.12590625,1.1960884443532278,10/17/2020
20201018, 1.0,3.6691041666666666,1.2001613779003988,10/18/2020
20201018, 6.0,8.363447916666667,1.2056242513162143,10/18/2020
20201019, 1.0,2.8480833333333333,1.2119580464423318,10/19/2020
20201019, 6.0,8.200593750000001,1.2169118946866104,10/19/2020
20201020, 1.0,1.9251145833333334,1.223073031222761,10/20/2020
20201020, 6.0,8.01296875,1.2286119702654277,10/20/2020
20201021, 1.0,1.8986666666666665,1.232905008557829,10/21/2020
20201021, 6.0,8.319104166666667,1.2398025306714031,10/21/2020
20201022, 1.0,1.3624479166666665,1.2416633575563656,10/22/2020
20201022, 6.0,7.203656250000001,1.250235799052771,10/22/2020
20201023, 1.0,2.596,1.2318000220911967,10/23/2020
20201023, 6.0,6.66671875,1.228279585625326,10/23/2020
20201024, 1.0,6.561375000000001,1.263105868391717,10/24/2020
20201024, 6.0,6.4201145833333335,1.2096142180094227,10/24/2020
20201025, 1.0,5.092114583333333,1.3413466201852975,10/25/2020
20201025, 6.0,6.7677708333333335,1.192340205278768,10/25/2020
20201026, 1.0,4.281635416666666,1.3208387717362773,10/26/2020
20201026, 6.0,8.0126875,1.1770969337575035,10/26/2020
20201027, 1.0,4.4435,1.3430729100065748,10/27/2020
20201027, 6.0,8.205083333333333,1.1633281622831384,10/27/2020
20201028, 1.0,3.9336041666666666,1.2495891641589159,10/28/2020
20201028, 6.0,8.152791666666667,1.2257443196702698,10/28/2020
20201029, 1.0,2.96715625,1.2228998354253722,10/29/2020
20201029, 6.0,7.093,1.2307475443368219,10/29/2020
20201030, 1.0,3.70453125,1.230391671533875,10/30/2020
20201030, 6.0,7.86028125,1.240447470893454,10/30/2020
20201031, 1.0,3.91165625,1.2572901641337166,10/31/2020
20201031, 6.0,7.944500000000001,1.2186674333341736,10/31/2020
20201101, 1.0,4.235333333333333,1.2232932698998549,11/01/2020
20201101, 6.0,7.932260416666666,1.2333457898071656,11/01/2020
20201102, 1.0,5.048541666666667,1.2369337217141687,11/02/2020
20201102, 6.0,8.524291666666667,1.2426613035093572,11/02/2020
20201103, 1.0,5.3542604166666665,1.2495037053875786,11/03/2020
20201103, 6.0,8.769885416666666,1.255213405220343,11/03/2020
20201104, 1.0,5.4874583333333335,1.2622487666831983,11/04/2020
20201104, 6.0,8.560427083333334,1.2679710045758994,11/04/2020
20201105, 1.0,6.23440625,1.2747475374142416,11/05/2020
20201105, 6.0,8.467614583333333,1.280946302930134,11/05/2020
20201106, 1.0,6.0012291666666675,1.2876539930861008,11/06/2020
20201106, 6.0,8.4335,1.2938543309911321,11/06/2020
20201107, 1.0,6.515208333333334,1.300700028008899,11/07/2020
20201107, 6.0,7.740875,1.3069701297544962,11/07/2020
20201108, 1.0,6.795395833333333,1.3136041849277529,11/08/2020
20201108, 6.0,7.423291666666667,1.3201627524484199,11/08/2020
20201109, 1.0,6.6940833333333325,1.3261561920463776,11/09/2020
20201109, 6.0,7.2586458333333335,1.3333124474175335,11/09/2020
20201110, 1.0,6.742802083333333,1.379976677717841,11/10/2020
20201110, 6.0,6.827541666666666,1.3159048084655065,11/10/2020
20201111, 1.0,7.444937499999999,1.4114181450120524,11/11/2020
20201111, 6.0,6.150229166666667,1.3019780593395034,11/11/2020
20201112, 1.0,7.422260416666667,1.3297217157696637,11/12/2020
20201112, 6.0,5.0971874999999995,1.3399752628584047,11/12/2020
20201113, 1.0,7.16134375,1.3428412695189085,11/13/2020
20201113, 6.0,5.236364583333334,1.3507173500544727,11/13/2020
20201114, 1.0,6.686010416666666,1.3720399513688413,11/14/2020
20201114, 6.0,7.846385416666667,1.3717721085112469,11/14/2020
20201115, 1.0,5.98728125,1.38790916004757,11/15/2020
20201115, 6.0,7.959020833333334,1.387660107694702,11/15/2020
20201116, 1.0,7.221708333333333,1.4043230991255613,11/16/2020
20201116, 6.0,8.777302083333334,1.404089464937165,11/16/2020
20201117, 1.0,7.418031249999999,1.3917621558995061,11/17/2020
20201117, 6.0,9.038947916666666,1.3907592896843797,11/17/2020
20201118, 1.0,7.737854166666666,1.4208970354625388,11/18/2020
20201118, 6.0,9.299208333333334,1.376819517663278,11/18/2020
20201119, 1.0,7.925208333333334,1.4243607838884587,11/19/2020
20201119, 6.0,9.207354166666667,1.3641303043536264,11/19/2020
20201120, 1.0,8.097145833333334,1.4656620109010012,11/20/2020
20201120, 6.0,9.25915625,1.3529771345693742,11/20/2020
20201121, 1.0,8.405822916666667,1.4790935225915445,11/21/2020
20201121, 6.0,9.582645833333332,1.3491615285718412,11/21/2020
20201122, 1.0,8.14971875,1.4625573397204137,11/22/2020
20201122, 6.0,9.405854166666666,1.3534841641799285,11/22/2020
20201123, 1.0,8.517479166666666,1.4700186740405214,11/23/2020
20201123, 6.0,9.559072916666667,1.3575999613415246,11/23/2020
20201124, 1.0,8.880791666666667,1.4806839635837155,11/24/2020
20201124, 6.0,9.964979166666668,1.35915546970229,11/24/2020
20201125, 1.0,9.195229166666666,1.4759270066888364,11/25/2020
20201125, 6.0,9.945875,1.3586400519961914,11/25/2020
20201126, 1.0,9.14196875,1.474329024923641,11/26/2020
20201126, 6.0,9.7210625,1.3455426901339107,11/26/2020
20201127, 1.0,8.857125,1.4803324387410146,11/27/2020
20201127, 6.0,9.780989583333334,1.3324804810844322,11/27/2020
20201128, 1.0,8.860770833333333,1.4926578067523681,11/28/2020
20201128, 6.0,9.311,1.319457575774244,11/28/2020
20201129, 1.0,8.944020833333333,1.5104398691774148,11/29/2020
20201129, 6.0,9.816260416666667,1.3064811556718567,11/29/2020
20201130, 1.0,9.276166666666667,1.5240731522840305,11/30/2020
20201130, 6.0,9.85796875,1.2935580488925353,11/30/2020
20201201, 1.0,9.41609375,1.5353328576048677,12/01/2020
20201201, 6.0,10.121979166666668,1.2806946686142064,12/01/2020
20201202, 1.0,9.28703125,1.5455290197844,12/02/2020
20201202, 6.0,10.067260416666667,1.2678979983594385,12/02/2020
20201203, 1.0,9.452010416666667,1.5556059418890227,12/03/2020
20201203, 6.0,10.318854166666666,1.254012371192811,12/03/2020
20201204, 1.0,9.34171875,1.6211029971851985,12/04/2020
20201204, 6.0,10.338010416666666,1.2577522330083986,12/04/2020
20201205, 1.0,9.547239583333333,1.6125069960863596,12/05/2020
20201205, 6.0,10.243229166666667,1.2638745963146887,12/05/2020
20201206, 1.0,9.8485625,1.5738591480151158,12/06/2020
20201206, 6.0,10.64709375,1.272827814040702,12/06/2020
20201207, 1.0,10.132375,1.5697574605188072,12/07/2020
20201207, 6.0,10.89840625,1.2606425542547681,12/07/2020
20201208, 1.0,10.200447916666667,1.5733002934675124,12/08/2020
20201208, 6.0,10.479750000000001,1.2484857175150834,12/08/2020
20201209, 1.0,10.614520833333334,1.5749687272810253,12/09/2020
20201209, 6.0,10.592958333333334,1.2363613205195432,12/09/2020
20201210, 1.0,10.564260416666666,1.5761147921060272,12/10/2020
20201210, 6.0,10.118354166666666,1.2242770848152724,12/10/2020
20201211, 1.0,10.783427083333335,1.57771034080508,12/11/2020
20201211, 6.0,9.542145833333334,1.212238166799512,12/11/2020
20201212, 1.0,10.650947916666667,1.5804352433051283,12/12/2020
20201212, 6.0,9.383416666666667,1.2002508429081353,12/12/2020
20201213, 1.0,10.6179375,1.5847448778219757,12/13/2020
20201213, 6.0,11.100625,1.1883206220008906,12/13/2020
20201214, 1.0,10.603114583333333,1.5909296818924938,12/14/2020
20201214, 6.0,11.110385416666666,1.1764514015818457,12/14/2020
20201215, 1.0,10.889864583333333,1.5991542384630928,12/15/2020
20201215, 6.0,11.348458333333333,1.1646474496046226,12/15/2020
20201216, 1.0,11.009395833333334,1.6094867095068128,12/16/2020
20201216, 6.0,10.759833333333333,1.1529118677361752,12/16/2020
20201217, 1.0,11.245083333333334,1.6219317883742537,12/17/2020
20201217, 6.0,10.279708333333334,1.1412471074587978,12/17/2020
20201218, 1.0,11.171802083333333,1.6364458380036397,12/18/2020
20201218, 6.0,9.045270833333333,1.1281532345512193,12/18/2020
20201219, 1.0,10.972875,1.65295211965346,12/19/2020
20201219, 6.0,8.211322916666667,1.1168806965548466,12/19/2020
20201220, 1.0,10.390708333333334,1.6713514273326442,12/20/2020
20201220, 6.0,7.44015625,1.1052392134035502,12/20/2020
20201221, 1.0,9.721072916666666,1.6915277218315978,12/21/2020
20201221, 6.0,7.711739583333333,1.0938948390709944,12/21/2020
20201222, 1.0,9.563395833333333,1.7133603915141087,12/22/2020
20201222, 6.0,7.716125000000001,1.0826244110961605,12/22/2020
20201223, 1.0,10.140885416666666,1.7367234972062795,12/23/2020
20201223, 6.0,7.571333333333333,1.0714214036832619,12/23/2020
20201224, 1.0,10.787364583333334,1.7614906385887457,12/24/2020
20201224, 6.0,7.159072916666666,1.0603044474126109,12/24/2020
20201225, 1.0,11.084041666666666,1.7875381920219686,12/25/2020
20201225, 6.0,7.99825,1.0492645765218656,12/25/2020
20201226, 1.0,10.047229166666666,1.8147480061585828,12/26/2020
20201226, 6.0,7.534302083333333,1.0383039842281994,12/26/2020
20201227, 1.0,9.749281250000001,1.8430053960764845,12/27/2020
20201227, 6.0,6.614093749999999,1.0274224474266538,12/27/2020
20201228, 1.0,10.25159375,1.8722015325428005,12/28/2020
20201228, 6.0,5.539416666666667,1.0166205444464964,12/28/2020
20201229, 1.0,10.844114583333335,1.902236574011318,12/29/2020
20201229, 6.0,5.695354166666667,1.005898185068816,12/29/2020
20201230, 1.0,10.558979166666667,1.9330145826142229,12/30/2020
20201230, 6.0,4.619791666666667,0.9952555162745576,12/30/2020
20201231, 1.0,11.029072916666665,1.964447975796045,12/31/2020
20201231, 6.0,4.030927083333333,0.984692045077749,12/31/2020
20210101, 1.0,10.510177083333334,1.9964555415869933,01/01/2021
20210101, 6.0,3.3376875,0.974208045073639,01/01/2021
20210102, 1.0,10.033114583333333,2.028960531306839,01/02/2021
20210102, 6.0,2.703375,0.9638033656114076,01/02/2021
20210103, 1.0,9.521854166666666,2.061894156189418,01/03/2021
20210103, 6.0,2.513479166666667,0.9534777820862109,01/03/2021
20210104, 1.0,9.530635416666668,2.09519178900733,01/04/2021
20210104, 6.0,2.6925416666666666,0.948814960182695,01/04/2021
20210105, 1.0,9.16290625,2.1287956860531034,01/05/2021
20210105, 6.0,2.7564270833333335,0.9388870207507185,01/05/2021
20210106, 1.0,9.4964375,2.1626512296852574,01/06/2021
20210106, 6.0,3.1105208333333336,0.9290019784297844,01/06/2021
20210107, 1.0,9.753020833333332,2.1967102984083153,01/07/2021
20210107, 6.0,2.2263437500000003,0.9191781878042697,01/07/2021
20210108, 1.0,9.883052083333334,2.2309285314648175,01/08/2021
20210108, 6.0,2.057541666666667,0.9094182742819044,01/08/2021
20210109, 1.0,9.545677083333333,2.2652644379820157,01/09/2021
20210109, 6.0,1.9785520833333334,0.8997230158514439,01/09/2021
20210110, 1.0,9.792114583333333,2.2996808069783654,01/10/2021
20210110, 6.0,1.9318645833333334,0.890093788248676,01/10/2021
20210111, 1.0,10.031281250000001,2.3341449501060128,01/11/2021
20210111, 6.0,1.8045416666666665,0.8805306159669173,01/11/2021
20210112, 1.0,9.949458333333334,2.3686258198026495,01/12/2021
20210112, 6.0,1.9481979166666665,0.8710340923817812,01/12/2021
20210113, 1.0,9.926270833333334,2.403097013330029,01/13/2021
20210113, 6.0,2.4175729166666664,0.8616048733240949,01/13/2021
20210114, 1.0,9.85559375,2.437532612903329,01/14/2021
20210114, 6.0,2.4581041666666668,0.852242874758016,01/14/2021
20210115, 1.0,9.732895833333332,2.471910103669689,01/15/2021
20210115, 6.0,2.0458958333333332,0.8429489581546692,01/15/2021
20210116, 1.0,10.568291666666667,2.5062090906609127,01/16/2021
20210116, 6.0,1.9241354166666669,0.8337226035678382,01/16/2021
20210117, 1.0,10.385302083333334,2.5404120348707693,01/17/2021
20210117, 6.0,1.8492395833333333,0.8245642067368625,01/17/2021
20210118, 1.0,10.554145833333333,2.57450189284185,01/18/2021
20210118, 6.0,1.8454583333333332,0.815473865491453,01/18/2021
20210119, 1.0,10.206666666666667,2.6084627240618787,01/19/2021
20210119, 6.0,1.5669583333333332,0.8064512732514564,01/19/2021
20210120, 1.0,10.341072916666667,2.642282607030924,01/20/2021
20210120, 6.0,1.6837499999999999,0.7974963045083744,01/20/2021
20210121, 1.0,10.22703125,2.6759490657678553,01/21/2021
20210121, 6.0,1.3517916666666665,0.7886093517091788,01/21/2021
20210122, 1.0,10.23546875,2.7094516810208207,01/22/2021
20210122, 6.0,1.3584479166666668,0.7797894548119024,01/22/2021
20210123, 1.0,10.290531249999999,2.7427806542539925,01/23/2021
20210123, 6.0,1.6853541666666667,0.7710376592374775,01/23/2021
20210124, 1.0,10.713354166666667,2.7759278215129393,01/24/2021
20210124, 6.0,1.8025208333333333,0.7623529996236376,01/24/2021
20210125, 1.0,9.7583125,2.80888559944251,01/25/2021
20210125, 6.0,1.4961875000000002,0.7537351623832265,01/25/2021
20210126, 1.0,9.968114583333334,2.8416487460123343,01/26/2021
20210126, 6.0,1.5066249999999999,0.7451846847814048,01/26/2021
20210127, 1.0,9.58715625,2.8742096951476883,01/27/2021
20210127, 6.0,1.3967604166666667,0.7367005219680645,01/27/2021
20210128, 1.0,9.90590625,2.9065650962233023,01/28/2021
20210128, 6.0,1.3703229166666666,0.7282831607840428,01/28/2021
20210129, 1.0,9.993770833333334,2.9387094299764884,01/29/2021
20210129, 6.0,1.1924375,0.7199321824153555,01/29/2021
20210130, 1.0,9.841427083333334,2.9706394361399844,01/30/2021
20210130, 6.0,0.9920520833333333,0.7116473127467716,01/30/2021
20210131, 1.0,9.497489583333333,3.002351353898973,01/31/2021
20210131, 6.0,0.6855104166666667,0.7034280362285809,01/31/2021
20210201, 1.0,9.217583333333334,3.033843276852599,02/01/2021
20210201, 6.0,0.40731249999999997,0.6952748073415851,02/01/2021
20210202, 1.0,10.493604166666666,3.0651119788687913,02/02/2021
20210202, 6.0,0.4898541666666667,0.6871865662836366,02/02/2021
20210203, 1.0,10.220677083333333,3.0961563079964507,02/03/2021
20210203, 6.0,0.38460416666666664,0.6791637339120763,02/03/2021
20210204, 1.0,9.203927083333333,3.1269750837093295,02/04/2021
20210204, 6.0,0.23917708333333332,0.6712062959937398,02/04/2021
20210205, 1.0,9.9995625,3.1575678098212467,02/05/2021
20210205, 6.0,0.23772916666666666,0.6633134741453975,02/05/2021
20210206, 1.0,10.05328125,3.1879327035028453,02/06/2021
20210206, 6.0,0.20236458333333332,0.6554849998665396,02/06/2021
20210207, 1.0,10.079197916666667,3.2180697284763413,02/07/2021
20210207, 6.0,0.18513541666666666,0.6477208044182127,02/07/2021
20210208, 1.0,10.055833333333334,3.2479780742763698,02/08/2021
20210208, 6.0,0.11755208333333333,0.640020660170939,02/08/2021
20210209, 1.0,9.971041666666666,3.2776582532329455,02/09/2021
20210209, 6.0,0.12458333333333334,0.6323844905400435,02/09/2021
20210210, 1.0,10.046802083333334,3.307109984254117,02/10/2021
20210210, 6.0,0.15721875,0.6324889096383371,02/10/2021
20210211, 1.0,10.005260416666667,3.336334240285099,02/11/2021
20210211, 6.0,0.15951041666666668,0.6252949172841842,02/11/2021
20210212, 1.0,10.117354166666667,3.3653312932923187,02/12/2021
20210212, 6.0,0.10177083333333332,0.6181421794824676,02/12/2021
20210213, 1.0,9.90721875,3.3941020209104584,02/13/2021
20210213, 6.0,0.14980208333333334,0.6110338447954053,02/13/2021
20210214, 1.0,9.965822916666665,3.4226480579081313,02/14/2021
20210214, 6.0,0.11515625,0.6039719054607563,02/14/2021
20210215, 1.0,9.993718750000001,3.450969477057122,02/15/2021
20210215, 6.0,0.10554166666666666,0.5969589619355388,02/15/2021
20210216, 1.0,10.15784375,3.4790683260626936,02/16/2021
20210216, 6.0,0.0853125,0.5899964402866256,02/16/2021
20210217, 1.0,10.685979166666668,3.5069458003435843,02/17/2021
20210217, 6.0,0.09375,0.5830856192990242,02/17/2021
20210218, 1.0,10.124895833333333,3.5346032473620634,02/18/2021
20210218, 6.0,0.06705208333333333,0.5762281395771648,02/18/2021
20210219, 1.0,10.102083333333333,3.56204164313784,02/19/2021
20210219, 6.0,0.06545833333333333,0.5694251946858634,02/19/2021
20210220, 1.0,9.97915625,3.5892633889894214,02/20/2021
20210220, 6.0,0.05694791666666666,0.5626768760461702,02/20/2021
20210221, 1.0,9.960635416666667,3.616269662933734,02/21/2021
20210221, 6.0,0.055,0.5559853213089463,02/21/2021
20210222, 1.0,10.000479166666667,3.6430623346328135,02/22/2021
20210222, 6.0,0.05396875,0.549350052235715,02/22/2021
20210223, 1.0,9.776583333333333,3.669643189866771,02/23/2021
20210223, 6.0,0.05395833333333333,0.5427721340743946,02/23/2021
20210224, 1.0,9.989218750000001,3.6960140823228733,02/24/2021
20210224, 6.0,0.054135416666666665,0.5362519015238753,02/24/2021
20210225, 1.0,10.282697916666667,3.7221760803925372,02/25/2021
20210225, 6.0,0.0545,0.5297900335057272,02/25/2021
20210226, 1.0,10.078802083333334,3.748133342368287,02/26/2021
20210226, 6.0,0.054072916666666665,0.5233874723588617,02/26/2021
20210227, 1.0,9.894854166666667,3.773886595990552,02/27/2021
20210227, 6.0,0.054,0.5170436367838223,02/27/2021
20210228, 1.0,9.811489583333334,3.7994363684132617,02/28/2021
20210228, 6.0,0.06602083333333333,0.5107593284422162,02/28/2021
20210301, 1.0,10.06325,3.8247864123362465,03/01/2021
20210301, 6.0,0.05490625,0.5045348954195544,03/01/2021
20210302, 1.0,10.425572916666667,3.8499378259697017,03/02/2021
20210302, 6.0,0.05391666666666667,0.49837070198298533,03/02/2021
20210303, 1.0,10.031979166666668,3.874893021443899,03/03/2021
20210303, 6.0,0.05385416666666667,0.49226695376171126,03/03/2021
20210304, 1.0,9.666875,3.8996546989312537,03/04/2021
20210304, 6.0,0.0984375,0.4862239623175111,03/04/2021
20210305, 1.0,9.748958333333333,3.924224517952193,03/05/2021
20210305, 6.0,0.29782291666666666,0.4802415204374436,03/05/2021
20210306, 1.0,9.992968750000001,3.9486046164310715,03/06/2021
20210306, 6.0,0.11107291666666667,0.47432027387627806,03/06/2021
20210307, 1.0,9.735572916666667,3.9727962836870083,03/07/2021
20210307, 6.0,0.76378125,0.4684600154140822,03/07/2021
20210308, 1.0,9.885947916666668,3.9968016149156362,03/08/2021
20210308, 6.0,1.1518645833333332,0.4626608128357701,03/08/2021
20210309, 1.0,9.881489583333334,4.020623609653325,03/09/2021
20210309, 6.0,0.8547291666666667,0.4569230967133171,03/09/2021
20210310, 1.0,9.782739583333333,4.044264683151894,03/10/2021
20210310, 6.0,0.58540625,0.45124709531884083,03/10/2021
20210311, 1.0,9.603354166666668,4.067726210515859,03/11/2021
20210311, 6.0,0.4437395833333333,0.44563221523836655,03/11/2021
20210312, 1.0,10.508760416666666,4.091010192213671,03/12/2021
20210312, 6.0,0.4017916666666667,0.4400795962611708,03/12/2021
20210313, 1.0,10.777083333333332,4.114118463260026,03/13/2021
20210313, 6.0,0.74634375,0.43458829971911395,03/13/2021
20210314, 1.0,10.678552083333335,4.137054000154468,03/14/2021
20210314, 6.0,0.7577916666666668,0.42915915562858975,03/14/2021
20210315, 1.0,10.389999999999999,4.159818256467305,03/15/2021
20210315, 6.0,0.36357291666666663,0.42379151785642166,03/15/2021
20210316, 1.0,10.08071875,4.182413262232781,03/16/2021
20210316, 6.0,0.5589895833333333,0.4184857691461687,03/16/2021
20210317, 1.0,10.411385416666667,4.2048410831440615,03/17/2021
20210317, 6.0,0.6636458333333334,0.41324193499396844,03/17/2021
20210318, 1.0,10.503187500000001,4.227102657919277,03/18/2021
20210318, 6.0,0.6394895833333333,0.4080597654180474,03/18/2021
20210319, 1.0,10.791635416666667,4.249201883492353,03/19/2021
20210319, 6.0,0.58275,0.4029396358482666,03/19/2021
20210320, 1.0,10.688802083333334,4.27114019814007,03/20/2021
20210320, 6.0,0.54084375,0.3978809393564041,03/20/2021
20210321, 1.0,10.496458333333333,4.292919445381319,03/21/2021
20210321, 6.0,0.62853125,0.3928845260899587,03/21/2021
20210322, 1.0,10.483104166666667,4.314541282504372,03/22/2021
20210322, 6.0,0.7865729166666666,0.3879496900125404,03/22/2021
20210323, 1.0,10.777593750000001,4.336007215402989,03/23/2021
20210323, 6.0,1.1817708333333334,0.3830766664099976,03/23/2021
20210324, 1.0,10.780708333333335,4.357320459132048,03/24/2021
20210324, 6.0,0.8762708333333333,0.37826526663246335,03/24/2021
20210325, 1.0,10.839593749999999,4.378482026370159,03/25/2021
20210325, 6.0,0.9954166666666667,0.37351544779987206,03/25/2021
20210326, 1.0,10.093031250000001,4.39949379331043,03/26/2021
20210326, 6.0,0.93278125,0.3688271147638621,03/26/2021
20210327, 1.0,10.109958333333333,4.42035816067792,03/27/2021
20210327, 6.0,0.41082291666666665,0.3642001735271447,03/27/2021
20210328, 1.0,9.980864583333334,4.441076773031593,03/28/2021
20210328, 6.0,0.17149999999999999,0.35963451879437747,03/28/2021
20210329, 1.0,10.167187499999999,4.461652540439828,03/29/2021
20210329, 6.0,0.5048333333333334,0.3551300342991902,03/29/2021
20210330, 1.0,9.595458333333333,4.482086163831598,03/30/2021
20210330, 6.0,0.7306770833333333,0.3506865921546967,03/30/2021
20210331, 1.0,9.791270833333334,4.502380538826994,03/31/2021
20210331, 6.0,1.01253125,0.34630406427395644,03/31/2021
20210401, 1.0,9.859270833333333,4.5225366293500215,04/01/2021
20210401, 6.0,2.4605312500000003,0.34198230613353353,04/01/2021
20210402, 1.0,9.668260416666667,4.542556065651673,04/02/2021
20210402, 6.0,4.92128125,0.33772116170622407,04/02/2021
20210403, 1.0,9.951677083333333,4.562440366249086,04/03/2021
20210403, 6.0,5.654041666666667,0.33352046836024585,04/03/2021
20210404, 1.0,10.0553125,4.5821925376023485,04/04/2021
20210404, 6.0,5.481885416666667,0.3293800429695838,04/04/2021
20210405, 1.0,9.633854166666667,4.60181373317465,04/05/2021
20210405, 6.0,7.919125,0.32529970433389666,04/05/2021
20210406, 1.0,9.75084375,4.62130602566675,04/06/2021
20210406, 6.0,9.080770833333334,0.3212792594451041,04/06/2021
20210407, 1.0,10.07640625,4.640670558527076,04/07/2021
20210407, 6.0,9.46609375,0.31731850153791524,04/07/2021
20210408, 1.0,10.332572916666667,4.659909356582307,04/08/2021
20210408, 6.0,8.63325,0.31341721653007243,04/08/2021
20210409, 1.0,10.457947916666667,4.679023068011238,04/09/2021
20210409, 6.0,7.900802083333333,0.30957517801521633,04/09/2021
20210410, 1.0,10.320541666666667,4.698015259997642,04/10/2021
20210410, 6.0,7.0844375,0.3057921497712452,04/10/2021
20210411, 1.0,10.406270833333332,4.716885766126503,04/11/2021
20210411, 6.0,6.61009375,0.30206788652918426,04/11/2021
20210412, 1.0,10.554510416666666,4.73563595917741,04/12/2021
20210412, 6.0,5.785531249999999,0.29840213305793195,04/12/2021
20210413, 1.0,10.397708333333332,4.75426971427949,04/13/2021
20210413, 6.0,5.934197916666666,0.2947946242150818,04/13/2021
20210414, 1.0,10.314114583333334,4.772788258970837,04/14/2021
20210414, 6.0,5.404427083333334,0.291245085537152,04/14/2021
20210415, 1.0,10.251145833333334,4.79119603595192,04/15/2021
20210415, 6.0,5.663989583333334,0.2877532332821136,04/15/2021
20210416, 1.0,10.152125,4.809518942451966,04/16/2021
20210416, 6.0,5.200666666666667,0.284318774922508,04/16/2021
20210417, 1.0,10.259145833333333,4.827757159407543,04/17/2021
20210417, 6.0,4.195833333333334,0.2809414086850623,04/17/2021
20210418, 1.0,10.676729166666666,4.845921238245852,04/18/2021
20210418, 6.0,3.734541666666667,0.2776208223080642,04/18/2021
20210419, 1.0,10.842687499999998,4.864021516729419,04/19/2021
20210419, 6.0,4.47671875,0.2743523950564389,04/19/2021
20210420, 1.0,10.812156250000001,4.8820689805863795,04/20/2021
20210420, 6.0,3.8857708333333334,0.2711445987678193,04/20/2021
20210421, 1.0,10.553197916666667,4.900074194749558,04/21/2021
20210421, 6.0,3.301447916666667,0.2679926716467311,04/21/2021
20210422, 1.0,10.581312500000001,4.918041684933674,04/22/2021
20210422, 6.0,6.09175,0.26489624160480174,04/22/2021
20210423, 1.0,10.22834375,4.935971132929467,04/23/2021
20210423, 6.0,8.383447916666666,0.2618549362912015,04/23/2021
20210424, 1.0,10.310166666666666,4.953874177869218,04/24/2021
20210424, 6.0,9.657510416666666,0.25886838443292015,04/24/2021
20210425, 1.0,10.7781875,4.971764341560922,04/25/2021
20210425, 6.0,8.81703125,0.25593623690194717,04/25/2021
20210426, 1.0,10.826979166666668,4.989652252267083,04/26/2021
20210426, 6.0,9.783489583333333,0.2513985407026456,04/26/2021
20210427, 1.0,11.03584375,5.084157590574885,04/27/2021
20210427, 6.0,9.878739583333333,0.2469006178679212,04/27/2021
20210428, 1.0,11.500749999999998,5.167979309694067,04/28/2021
20210428, 6.0,9.786229166666667,0.24259333961328788,04/28/2021
20210429, 1.0,11.360322916666666,7.445124611135952,04/29/2021
20210429, 6.0,8.849270833333334,0.2384590433726353,04/29/2021
20210430, 1.0,10.883229166666666,7.433368348110134,04/30/2021
20210430, 6.0,8.400656249999999,0.2344825862546879,04/30/2021
20210501, 1.0,11.37540625,6.559391387761603,05/01/2021
20210501, 6.0,9.61959375,0.23065105645362527,05/01/2021
20210502, 1.0,11.1821875,6.54811674657188,05/02/2021
20210502, 6.0,9.70134375,0.22695333637912296,05/02/2021
20210503, 1.0,11.424927083333332,5.832605303669729,05/03/2021
20210503, 6.0,9.436562499999999,0.22337982788483576,05/03/2021
20210504, 1.0,11.423708333333332,5.260969505374654,05/04/2021
20210504, 6.0,9.08475,0.219922312239071,05/04/2021
20210505, 1.0,10.557833333333333,5.209313433248246,05/05/2021
20210505, 6.0,8.853697916666667,0.21657398898577726,05/05/2021
20210506, 1.0,11.829510416666666,4.72861784896751,05/06/2021
20210506, 6.0,8.95471875,0.21333129393731756,05/06/2021
20210507, 1.0,13.4434375,4.316860783756742,05/07/2021
20210507, 6.0,8.214989583333333,0.21022551239149467,05/07/2021
20210508, 1.0,13.135677083333334,3.0306760022159676,05/08/2021
20210508, 6.0,8.263854166666667,3.0286160799158512,05/08/2021
20210509, 1.0,11.603833333333334,2.899009845591383,05/09/2021
20210509, 6.0,7.601822916666666,2.8967879799559406,05/09/2021
20210510, 1.0,13.620364583333334,2.669680291424626,05/10/2021
20210510, 6.0,7.00590625,2.873623403485082,05/10/2021
20210511, 1.0,11.097093749999999,2.661006600631461,05/11/2021
20210511, 6.0,6.844874999999999,2.6585051345683515,05/11/2021
20210512, 1.0,13.4444375,2.5189852539261683,05/12/2021
20210512, 6.0,6.080989583333333,2.6348837892843746,05/12/2021
20210513, 1.0,12.501520833333332,2.3280986156336057,05/13/2021
20210513, 6.0,6.108760416666667,2.602865361286974,05/13/2021
20210514, 1.0,12.721322916666667,2.22722873700366,05/14/2021
20210514, 6.0,6.001864583333333,2.5646799078870743,05/14/2021
20210515, 1.0,12.678333333333333,2.110535232151664,05/15/2021
20210515, 6.0,4.693270833333333,2.521916500408886,05/15/2021
20210516, 1.0,14.421999999999999,2.0556858866595977,05/16/2021
20210516, 6.0,4.504114583333333,2.4750560805797464,05/16/2021
20210517, 1.0,14.955395833333334,1.9994301756854957,05/17/2021
20210517, 6.0,4.13040625,2.4245849162618027,05/17/2021
20210518, 1.0,13.297479166666667,1.8999373767824645,05/18/2021
20210518, 6.0,3.2898229166666666,2.3710747355664834,05/18/2021
20210519, 1.0,14.770697916666668,1.8600041761384773,05/19/2021
20210519, 6.0,2.433479166666667,2.31523794082319,05/19/2021
20210520, 1.0,10.345697916666667,1.8078051692576373,05/20/2021
20210520, 6.0,2.72709375,2.2577345147915393,05/20/2021
20210521, 1.0,9.845104166666667,1.7546722484553614,05/21/2021
20210521, 6.0,1.7455,2.1991356779017552,05/21/2021
20210522, 1.0,9.395947916666666,1.6993073175433158,05/22/2021
20210522, 6.0,1.3728541666666667,2.1399437394833645,05/22/2021
20210523, 1.0,9.039197916666668,1.6520299943186076,05/23/2021
20210523, 6.0,1.1667812499999999,2.080806255257364,05/23/2021
20210524, 1.0,9.622802083333333,1.6180064981988345,05/24/2021
20210524, 6.0,0.9569270833333333,2.0221343181866835,05/24/2021
20210525, 1.0,9.550302083333333,1.5811990926647872,05/25/2021
20210525, 6.0,0.6874270833333332,1.964069134950456,05/25/2021
20210526, 1.0,9.726239583333333,1.4577068685791383,05/26/2021
20210526, 6.0,0.6708541666666666,1.9064724558029136,05/26/2021
20210527, 1.0,9.764875,1.550702462888494,05/27/2021
20210527, 6.0,0.46551041666666665,1.8488305441890893,05/27/2021
20210528, 1.0,10.36115625,1.5403218635182583,05/28/2021
20210528, 6.0,0.37996874999999997,1.7882647595789387,05/28/2021
20210529, 1.0,10.572729166666667,1.5317833974257287,05/29/2021
20210529, 6.0,0.30626041666666665,1.727469511425288,05/29/2021
20210530, 1.0,10.193135416666667,1.5080652540401775,05/30/2021
20210530, 6.0,0.35967708333333337,1.668000362917671,05/30/2021
20210531, 1.0,9.9816875,1.444501990697372,05/31/2021
20210531, 6.0,0.11188541666666667,1.6119055685049954,05/31/2021
20210601, 1.0,10.559864583333333,1.4220013651333157,06/01/2021
20210601, 6.0,0.11404166666666667,1.559596840134907,06/01/2021
20210602, 1.0,10.810239583333333,1.3639600462804684,06/02/2021
20210602, 6.0,0.12964583333333332,1.5105704127687591,06/02/2021
20210603, 1.0,9.825416666666667,1.32006688465557,06/03/2021
20210603, 6.0,0.11469791666666668,1.463974476611972,06/03/2021
20210604, 1.0,9.931854166666666,1.656486470464061,06/04/2021
20210604, 6.0,0.09120833333333334,1.4194198966456415,06/04/2021
20210605, 1.0,9.8150625,1.7022864109837246,06/05/2021
20210605, 6.0,0.088875,1.377385521624172,06/05/2021
20210606, 1.0,9.765333333333333,1.3721703220774628,06/06/2021
20210606, 6.0,0.08028125,1.3383447837056555,06/06/2021
20210607, 1.0,9.274583333333334,1.3094692160484365,06/07/2021
20210607, 6.0,0.08661458333333333,1.3030533001363032,06/07/2021
20210608, 1.0,9.10221875,1.2789057541684137,06/08/2021
20210608, 6.0,0.08344791666666666,1.2715585057934156,06/08/2021
20210609, 1.0,8.840625000000001,1.1585125776762975,06/09/2021
20210609, 6.0,0.09457291666666667,1.2444764626842384,06/09/2021
20210610, 1.0,8.884739583333333,1.1357215718955622,06/10/2021
20210610, 6.0,0.11509375,1.2212043613389738,06/10/2021
20210611, 1.0,9.008708333333333,1.1678780157388367,06/11/2021
20210611, 6.0,0.15410416666666668,1.2004219786202752,06/11/2021
20210612, 1.0,8.885895833333333,1.1648052552925692,06/12/2021
20210612, 6.0,0.16237500000000002,1.1833013962093228,06/12/2021
20210613, 1.0,9.206395833333334,1.1551769225586335,06/13/2021
20210613, 6.0,0.14347916666666669,1.169461603613319,06/13/2021
20210614, 1.0,8.624739583333334,1.1381770074679398,06/14/2021
20210614, 6.0,0.10678125,1.1613060648278448,06/14/2021
20210615, 1.0,9.104979166666666,1.1140479927810387,06/15/2021
20210615, 6.0,0.06802083333333334,1.1570534021289147,06/15/2021
20210616, 1.0,8.979614583333333,1.0866921241327878,06/16/2021
20210616, 6.0,0.06802083333333334,1.160498340331581,06/16/2021
20210617, 1.0,9.595427083333332,1.1014044858539944,06/17/2021
20210617, 6.0,0.075,1.16705443684145,06/17/2021
20210618, 1.0,9.68703125,1.0823179029202201,06/18/2021
20210618, 6.0,0.08753125,1.183518119537236,06/18/2021
20210619, 1.0,8.915437500000001,1.0593024951009091,06/19/2021
20210619, 6.0,0.08468750000000001,1.200444624659016,06/19/2021
20210620, 1.0,9.654447916666667,1.04012231857589,06/20/2021
20210620, 6.0,0.06544791666666668,1.2337753077775013,06/20/2021
20210621, 1.0,8.569020833333333,1.0205433645810467,06/21/2021
20210621, 6.0,0.11778125,1.2999488746552874,06/21/2021
20210622, 1.0,7.785416666666666,1.0040731170325494,06/22/2021
20210622, 6.0,0.07372916666666667,2.445599551935853,06/22/2021
20210623, 1.0,8.767974683544303,1.013304248922851,06/23/2021
20210623, 6.0,1.0095675675675675,2.655462821020824,06/23/2021
